{
    "reason": "The gestures reflect a confident and dominant personality, emphasizing the speaker's assertive and decisive nature while discussing the concept of 'benevolent lies'.",
    "speech": "선의의 거짓말은 때로는 상대방을 보호하고 상황을 부드럽게 만드는 데 필수적입니다. 예를 들어, 친구가 새로 산 옷에 대해 물어봤을 때, 그 옷이 어울리지 않더라도 '잘 어울린다'고 말하는 것이 더 나을 수 있습니다. 이는 상대방의 자존감을 지키고 관계를 원만하게 유지하기 위한 전략입니다. 또한, 의사나 간병인이 환자에게 모든 진실을 말하지 않는 경우도 있습니다. 심각한 병세를 전부 알리는 것이 환자에게 더 큰 스트레스나 좌절감을 줄 수 있기 때문에, 환자의 정신적 안정을 위해 일부를 생략하는 것이 더 나은 선택일 수 있습니다. 물론, 거짓말이 항상 윤리적인 것은 아니지만, 선의의 거짓말은 그 순간의 상황과 맥락에 따라 긍정적인 결과를 가져올 수 있습니다. 이를 통해 상대방의 감정을 존중하고 신뢰를 지키는 것이 가능합니다. 이처럼, 선의의 거짓말은 때때로 상대방의 감정과 상황을 고려한 윤리적인 선택이 될 수 있습니다.",
    "gesture": [
        {
            "word_or_phrase": "필수적입니다",
            "gesture": "Sarcastic_Head_Nod"
        },
        {
            "word_or_phrase": "더 나을 수 있습니다",
            "gesture": "Head_Nod"
        },
        {
            "word_or_phrase": "전략입니다",
            "gesture": "Sarcastic_Head_Nod"
        },
        {
            "word_or_phrase": "더 나은 선택일 수 있습니다",
            "gesture": "Head_Nod"
        },
        {
            "word_or_phrase": "긍정적인 결과",
            "gesture": "Sarcastic_Head_Nod"
        },
        {
            "word_or_phrase": "신뢰를 지키는 것이 가능합니다",
            "gesture": "Head_Nod"
        },
        {
            "word_or_phrase": "윤리적인 선택이 될 수 있습니다",
            "gesture": "Head_Nod"
        }
    ]
}